[
  {
    "marque":"Agfa",
    "model":[
        {
            "name":"ePhoto CL-18",
            "confusion":0.005
        }
    ]

  },
  {
    "marque":"AgfaPhoto",
    "model":[
        {
            "name":"DC-600uw",
            "confusion":0.005
        }
    ]

  },
  {
    "marque":"Canon",
    "model":[
        {
            "name":"1D",
            "confusion":0.023
        },
        {
            "name":"1D X",
            "confusion":0.03
        },
        {
            "name":"1D C",
            "confusion":0.03
        },
        {
            "name":"1DS",
            "confusion":0.03
        },
        {
            "name":"5D",
            "confusion":0.03
        },
        {
            "name":"7D",
            "confusion":0.019
        }
    ]
  }
]
