[
  {
    "marque":"Agfa",
    "model":[
        {
            "name":"ePhoto CL-18",
            "confusion":0.005
        }
    ]

  },
  {
    "marque":"AgfaPhoto",
    "model":[
        {
            "name":"ePhoto CL-18",
            "confusion":0.005
        }
    ]

  },
  {
    "marque":"Canon",
    "model":[
        {
            "name":"1D",
            "confusion":0.023
        },
        {
            "name":"1D Mark II",
            "confusion":0.023
        },
        {
            "name":"1D Mark II N",
            "confusion":0.023
        },
        {
            "name":"1D Mark III",
            "confusion":0.023
        },
        {
            "name":"1D Mark IV",
            "confusion":0.023
        },
        {
            "name":"1D X",
            "confusion":0.03
        },
        {
            "name":"1D C",
            "confusion":0.03
        }
    ]
  }
]
